{"camera": {"z": 5.0, "rows": 300, "cols": 600, "pixel_size": 0.007}, "global_transformation": [1.0, 0.0, -2.4492935982947064e-16, 0.0, 1.0, 0.0, 2.4492935982947064e-16, 0.0, 1.0], "intensity": 1.0, "objects": [{"type": "object", "shape": "sphere", "center": [-0.5, 0.0, 0.0], "radius": 0.5, "mu": 1.8, "transformation": [2.0, 0.0, 0.0, 0.0, 1.0, 0.0, 0.0, 0.0, 1.0]}, {"type": "object", "shape": "cube", "center": [1.0, 0.0, 0.0], "length": 0.6, "mu": 1.0, "transformation": [0.7220079201631067, 0.4169881197553401, 0.6335810656653996, 0.2779920798368934, 1.08301188024466, -0.6335810656653996, -0.6335810656653996, 0.9503715984980994, 0.4440158403262133]}]}